"Pathway Name","The Ability to Access"
"Pathway Description","Accessibility is a broad descriptor generally misapplied to a narrow set of users. Every person has accessibility needs which evolve. It's not just a matter of empathy for those who have a disabilities that we're used to thinking about. Accessible technologies are good technologies which benefit everyone as much or more as the people they were designed to assist. Here is a selection of links which support that assertion."
"Content Warning",""
"Acknowledgments",""
"Created By","Unknown"
"Created Date","2025-08-15T20:39:37.619Z"
"Modified By","itr8tech"
"Version","ymfvaa-2025-08-17"
"Last Updated","2025-08-24T18:35:14.404Z"
"Total Steps","1"
"Total Bookmarks","5"
""
"Step","Title","URL","Description","Context","Type","Content Type","Sort Order"
"World Wide Web","Introduction to Web Accessibility","https://www.w3.org/WAI/fundamentals/accessibility-intro/","When websites and web tools are properly designed and coded, people with disabilities can use them. However, currently many sites and tools are developed with accessibility barriers that make them difficult or impossible for some people to use.

Making the web accessible benefits individuals, businesses, and society. International web standards define what is needed for accessibility.","One of those fundamental places that defines the standards.","Required","Read","0"
"World Wide Web","Accessibility | MDN","https://developer.mozilla.org/en-US/docs/Web/Accessibility","Accessibility (often abbreviated to A11y — as in, ""a"", then 11 characters, and then ""y"") in web development means enabling as many people as possible to use websites, even when those people's abilities are limited in some way.","Not fan of describing accessibility solely in terms of peoples limitations but this resource is fantastic and vital to understanding how to apply assistive technologies in many different ways.","Required","read","1"
"World Wide Web","Semantics - Glossary | MDN","https://developer.mozilla.org/en-US/docs/Glossary/Semantics","In programming, Semantics refers to the meaning of a piece of code — for example ""what effect does running that line of JavaScript have?"", or ""what purpose or role does that HTML element have"" (rather than ""what does it look like?"".)","Knowing this what markup to use for content is a vital skill that is fundamental to good accessibility.","Required","read","2"
"World Wide Web","Home - The A11Y Project","https://www.a11yproject.com/","The A11Y Project is a community-driven effort to make digital accessibility easier.","Another great authoritative place to go to get comprehensive info on how to apply the standards and exploring the people in the community.","Required","read","3"
"World Wide Web","I Need an Accessible Hero | Access Armada","https://www.accessarmada.com/blog/i-need-an-accessible-hero/","An accessible hero image experience is important in serving your entire user base and avoiding obstacles before users get to know you better.","I see this far too often. This article doesn't touch on the performance impacts of unoptimized images used for these purposes but the principles it does touch on are all very important considerations.","Required","read","4"